id,tripId,name,description,category,lat,lng,placeId,openingHours,createdAt,updatedAt
4bdee9e3-b444-4819-af20-34f013319461,b389876f-9a01-4dda-b3a5-6b673a789468,Casino Baden-Baden – קזינו מ-1824,,activity,48.7602,8.2367,ChIJr0JlJ_7mC0ERYfOySvK-tEk,"{""periods"":[{""open"":{""day"":0,""date"":""2026-07-19"",""time"":""1500""},""close"":{""day"":1,""date"":""2026-07-20"",""time"":""0200""}},{""open"":{""day"":1,""date"":""2026-07-20"",""time"":""1500""},""close"":{""day"":1,""date"":""2026-07-20"",""time"":""2359"",""truncated"":true}},{""open"":{""day"":2,""date"":""2026-07-14"",""time"":""0000"",""truncated"":true},""close"":{""day"":2,""date"":""2026-07-14"",""time"":""0200""}},{""open"":{""day"":2,""date"":""2026-07-14"",""time"":""1500""},""close"":{""day"":3,""date"":""2026-07-15"",""time"":""0200""}},{""open"":{""day"":3,""date"":""2026-07-15"",""time"":""1500""},""close"":{""day"":4,""date"":""2026-07-16"",""time"":""0200""}},{""open"":{""day"":4,""date"":""2026-07-16"",""time"":""1500""},""close"":{""day"":5,""date"":""2026-07-17"",""time"":""0200""}},{""open"":{""day"":5,""date"":""2026-07-17"",""time"":""1500""},""close"":{""day"":6,""date"":""2026-07-18"",""time"":""0300""}},{""open"":{""day"":6,""date"":""2026-07-18"",""time"":""1500""},""close"":{""day"":0,""date"":""2026-07-19"",""time"":""0300""}}],""open_now"":false,""weekday_text"":[""יום ראשון: 15:00–2:00"",""יום שני: 15:00–2:00"",""יום שלישי: 15:00–2:00"",""יום רביעי: 15:00–2:00"",""יום חמישי: 15:00–2:00"",""יום שישי: 15:00–3:00"",""יום שבת: 15:00–3:00""]}","""2026-07-14T07:12:51.135Z""","""2026-07-14T07:12:51.135Z"""
fd2304d9-0d45-4e06-b58c-50252ec57c3a,b389876f-9a01-4dda-b3a5-6b673a789468,Belchen,,nature,47.8225,7.833055599999999,ChIJC3-CTYUAkUcRQFBVzeNAEzc,,"""2026-07-14T07:12:51.141Z""","""2026-07-14T07:12:51.141Z"""
a2167e48-9692-4c62-818b-ba3703f598fe,b389876f-9a01-4dda-b3a5-6b673a789468,Rothaus Brauerei – מבשלת הממלכה,,activity,47.7948,8.2236,ChIJXbD7am_1kEcR3fRIiE5BJGQ,,"""2026-07-14T07:12:51.144Z""","""2026-07-14T07:12:51.144Z"""
2b48c6c4-ece2-441f-9c5e-2b15831c60ef,b389876f-9a01-4dda-b3a5-6b673a789468,מפלי Allerheiligen + חורבות מנזר,,nature,48.5664,8.2439,ChIJa5UjhlYpl0cR9-6SJx-6THc,,"""2026-07-14T07:12:51.145Z""","""2026-07-14T08:55:06.815Z"""
1b8d12cb-910a-416e-8451-a8220d4a606c,b389876f-9a01-4dda-b3a5-6b673a789468,ויסקירכה – כנסיית מורשת UNESCO,,culture,47.6819,10.8827,ChIJy-Zq9QBRnEcRFvIdY-AP8Vg,,"""2026-07-14T07:12:51.147Z""","""2026-07-14T07:12:51.147Z"""
0020ba56-914f-4186-8d57-8e2ba4c84d91,b389876f-9a01-4dda-b3a5-6b673a789468,TeamSport E-Karting Kart Palast,,activity,48.23605,11.3511036,ChIJnUKNj59-nkcRECQl2vT94hw,"{""periods"":[{""open"":{""day"":0,""date"":""2026-07-19"",""time"":""0900""},""close"":{""day"":0,""date"":""2026-07-19"",""time"":""2300""}},{""open"":{""day"":1,""date"":""2026-07-20"",""time"":""1000""},""close"":{""day"":1,""date"":""2026-07-20"",""time"":""2300""}},{""open"":{""day"":2,""date"":""2026-07-14"",""time"":""1000""},""close"":{""day"":2,""date"":""2026-07-14"",""time"":""2300""}},{""open"":{""day"":3,""date"":""2026-07-15"",""time"":""1000""},""close"":{""day"":3,""date"":""2026-07-15"",""time"":""2300""}},{""open"":{""day"":4,""date"":""2026-07-16"",""time"":""1000""},""close"":{""day"":4,""date"":""2026-07-16"",""time"":""2300""}},{""open"":{""day"":5,""date"":""2026-07-17"",""time"":""1000""},""close"":{""day"":6,""date"":""2026-07-18"",""time"":""0000""}},{""open"":{""day"":6,""date"":""2026-07-18"",""time"":""1000""},""close"":{""day"":0,""date"":""2026-07-19"",""time"":""0000""}}],""open_now"":false,""weekday_text"":[""יום ראשון: 9:00–23:00"",""יום שני: 10:00–23:00"",""יום שלישי: 10:00–23:00"",""יום רביעי: 10:00–23:00"",""יום חמישי: 10:00–23:00"",""יום שישי: 10:00–0:00"",""יום שבת: 10:00–0:00""]}","""2026-07-14T07:12:51.148Z""","""2026-07-14T07:12:51.148Z"""
e872f214-03a8-4e29-ab60-a488fa138f5a,b389876f-9a01-4dda-b3a5-6b673a789468,Paulaner Brewery / Paulaner Brauerei,,restaurant,48.1766087,11.436557,ChIJL_1vdD14nkcReAlKCP2mQ20,"{""periods"":[{""open"":{""day"":1,""date"":""2026-07-20"",""time"":""0600""},""close"":{""day"":1,""date"":""2026-07-20"",""time"":""2200""}},{""open"":{""day"":2,""date"":""2026-07-14"",""time"":""0600""},""close"":{""day"":2,""date"":""2026-07-14"",""time"":""2200""}},{""open"":{""day"":3,""date"":""2026-07-15"",""time"":""0600""},""close"":{""day"":3,""date"":""2026-07-15"",""time"":""2200""}},{""open"":{""day"":4,""date"":""2026-07-16"",""time"":""0600""},""close"":{""day"":4,""date"":""2026-07-16"",""time"":""2200""}},{""open"":{""day"":5,""date"":""2026-07-17"",""time"":""0600""},""close"":{""day"":5,""date"":""2026-07-17"",""time"":""2200""}}],""open_now"":true,""weekday_text"":[""יום ראשון: סגור"",""יום שני: 6:00–22:00"",""יום שלישי: 6:00–22:00"",""יום רביעי: 6:00–22:00"",""יום חמישי: 6:00–22:00"",""יום שישי: 6:00–22:00"",""יום שבת: סגור""]}","""2026-07-14T07:12:51.150Z""","""2026-07-14T07:12:51.150Z"""
1063d1f7-aa06-45a7-b511-d9b63714122f,b389876f-9a01-4dda-b3a5-6b673a789468,CA-BA-LU Bar-Restaurant,,restaurant,48.1395699,11.5891154,ChIJEy5cX491nkcRgtfYR5S0pqc,"{""periods"":[{""open"":{""day"":1,""date"":""2026-07-20"",""time"":""1200""},""close"":{""day"":1,""date"":""2026-07-20"",""time"":""1400""}},{""open"":{""day"":1,""date"":""2026-07-20"",""time"":""1730""},""close"":{""day"":1,""date"":""2026-07-20"",""time"":""2359"",""truncated"":true}},{""open"":{""day"":2,""date"":""2026-07-14"",""time"":""0000"",""truncated"":true},""close"":{""day"":2,""date"":""2026-07-14"",""time"":""0100""}},{""open"":{""day"":2,""date"":""2026-07-14"",""time"":""1200""},""close"":{""day"":2,""date"":""2026-07-14"",""time"":""1400""}},{""open"":{""day"":2,""date"":""2026-07-14"",""time"":""1730""},""close"":{""day"":3,""date"":""2026-07-15"",""time"":""0100""}},{""open"":{""day"":3,""date"":""2026-07-15"",""time"":""1200""},""close"":{""day"":3,""date"":""2026-07-15"",""time"":""1400""}},{""open"":{""day"":3,""date"":""2026-07-15"",""time"":""1730""},""close"":{""day"":4,""date"":""2026-07-16"",""time"":""0100""}},{""open"":{""day"":4,""date"":""2026-07-16"",""time"":""1200""},""close"":{""day"":4,""date"":""2026-07-16"",""time"":""1400""}},{""open"":{""day"":4,""date"":""2026-07-16"",""time"":""1730""},""close"":{""day"":5,""date"":""2026-07-17"",""time"":""0100""}},{""open"":{""day"":5,""date"":""2026-07-17"",""time"":""1730""},""close"":{""day"":6,""date"":""2026-07-18"",""time"":""0100""}},{""open"":{""day"":6,""date"":""2026-07-18"",""time"":""1730""},""close"":{""day"":0,""date"":""2026-07-19"",""time"":""0100""}}],""open_now"":false,""weekday_text"":[""יום ראשון: סגור"",""יום שני: 12:00–14:00, 17:30–1:00"",""יום שלישי: 12:00–14:00, 17:30–1:00"",""יום רביעי: 12:00–14:00, 17:30–1:00"",""יום חמישי: 12:00–14:00, 17:30–1:00"",""יום שישי: 17:30–1:00"",""יום שבת: 17:30–1:00""]}","""2026-07-14T07:12:51.152Z""","""2026-07-14T07:12:51.152Z"""
ed33644c-19e6-477f-93e5-54aca1e0a617,b389876f-9a01-4dda-b3a5-6b673a789468,Feldberg,,nature,47.8589969,8.037044,ChIJtU6YKaD5kEcRMHvWTbprHwo,,"""2026-07-14T07:12:51.155Z""","""2026-07-14T07:12:51.155Z"""
3e6a24b1-33a4-49aa-ae8b-418fa3235ccd,b389876f-9a01-4dda-b3a5-6b673a789468,קניון מקסים רוואנה,,nature,47.9175824,8.0745554,ChIJ42-M7PT6kEcRojnj-mDABGw,,"""2026-07-14T07:12:51.156Z""","""2026-07-14T08:55:06.815Z"""
caaceb83-1f09-475b-b6ee-fd62caccee46,b389876f-9a01-4dda-b3a5-6b673a789468,Gästehaus / Freudenstadt – לינת ביניים,,hotel,48.4534,8.4134,ChIJbU6UIFE0l0cRVstkwC_hJTU,,"""2026-07-14T07:12:51.162Z""","""2026-07-14T08:55:06.815Z"""
87bb5160-925d-48f5-a1f9-b9da9345bf86,b389876f-9a01-4dda-b3a5-6b673a789468,Zero Latency Virtual Reality München Neufahrn,,activity,48.32947559999999,11.6913854,ChIJf8MHZ4FtnkcR-E-mQE9i2go,"{""periods"":[{""open"":{""day"":0,""date"":""2026-07-19"",""time"":""1100""},""close"":{""day"":0,""date"":""2026-07-19"",""time"":""2100""}},{""open"":{""day"":2,""date"":""2026-07-14"",""time"":""1700""},""close"":{""day"":2,""date"":""2026-07-14"",""time"":""2200""}},{""open"":{""day"":3,""date"":""2026-07-15"",""time"":""1700""},""close"":{""day"":3,""date"":""2026-07-15"",""time"":""2200""}},{""open"":{""day"":4,""date"":""2026-07-16"",""time"":""1700""},""close"":{""day"":4,""date"":""2026-07-16"",""time"":""2200""}},{""open"":{""day"":5,""date"":""2026-07-17"",""time"":""1700""},""close"":{""day"":5,""date"":""2026-07-17"",""time"":""2300""}},{""open"":{""day"":6,""date"":""2026-07-18"",""time"":""1100""},""close"":{""day"":6,""date"":""2026-07-18"",""time"":""2300""}}],""open_now"":false,""weekday_text"":[""יום ראשון: 11:00–21:00"",""יום שני: סגור"",""יום שלישי: 17:00–22:00"",""יום רביעי: 17:00–22:00"",""יום חמישי: 17:00–22:00"",""יום שישי: 17:00–23:00"",""יום שבת: 11:00–23:00""]}","""2026-07-14T07:12:51.168Z""","""2026-07-14T07:12:51.168Z"""
1a589897-a832-4aab-8a9b-7b2422474070,b389876f-9a01-4dda-b3a5-6b673a789468,BattleKart München-Finsing,,activity,48.2172259,11.8077385,ChIJ8y_4eAAPnkcRk2GShtClKSw,"{""periods"":[{""open"":{""day"":0,""date"":""2026-07-19"",""time"":""1000""},""close"":{""day"":0,""date"":""2026-07-19"",""time"":""1800""}},{""open"":{""day"":1,""date"":""2026-07-20"",""time"":""1200""},""close"":{""day"":1,""date"":""2026-07-20"",""time"":""2100""}},{""open"":{""day"":2,""date"":""2026-07-14"",""time"":""1200""},""close"":{""day"":2,""date"":""2026-07-14"",""time"":""2100""}},{""open"":{""day"":3,""date"":""2026-07-15"",""time"":""1200""},""close"":{""day"":3,""date"":""2026-07-15"",""time"":""2100""}},{""open"":{""day"":4,""date"":""2026-07-16"",""time"":""1200""},""close"":{""day"":4,""date"":""2026-07-16"",""time"":""2100""}},{""open"":{""day"":5,""date"":""2026-07-17"",""time"":""1200""},""close"":{""day"":5,""date"":""2026-07-17"",""time"":""2200""}},{""open"":{""day"":6,""date"":""2026-07-18"",""time"":""1000""},""close"":{""day"":6,""date"":""2026-07-18"",""time"":""2200""}}],""open_now"":false,""weekday_text"":[""יום ראשון: 10:00–18:00"",""יום שני: 12:00–21:00"",""יום שלישי: 12:00–21:00"",""יום רביעי: 12:00–21:00"",""יום חמישי: 12:00–21:00"",""יום שישי: 12:00–22:00"",""יום שבת: 10:00–22:00""]}","""2026-07-14T07:12:51.169Z""","""2026-07-14T07:12:51.169Z"""
98cef7ca-2674-4064-8f25-4cf4d319c986,b389876f-9a01-4dda-b3a5-6b673a789468,Trinkhalle + Lichtenthaler Allee,,nature,48.7623,8.2346,ChIJ--usWkIfl0cRZTVGWaaFViA,,"""2026-07-14T07:12:51.173Z""","""2026-07-14T08:55:06.815Z"""
d233bf23-7219-4fec-8559-a8337579367c,b389876f-9a01-4dda-b3a5-6b673a789468,Caracalla Therme – ספא תרמי,,activity,48.7596,8.2365,ChIJkS-PNUEfl0cR3_V_yJ1Ah2k,"{""periods"":[{""open"":{""day"":0,""date"":""2026-07-19"",""time"":""0800""},""close"":{""day"":0,""date"":""2026-07-19"",""time"":""2200""}},{""open"":{""day"":1,""date"":""2026-07-20"",""time"":""0800""},""close"":{""day"":1,""date"":""2026-07-20"",""time"":""2200""}},{""open"":{""day"":2,""date"":""2026-07-14"",""time"":""0800""},""close"":{""day"":2,""date"":""2026-07-14"",""time"":""2200""}},{""open"":{""day"":3,""date"":""2026-07-15"",""time"":""0800""},""close"":{""day"":3,""date"":""2026-07-15"",""time"":""2200""}},{""open"":{""day"":4,""date"":""2026-07-16"",""time"":""0800""},""close"":{""day"":4,""date"":""2026-07-16"",""time"":""2200""}},{""open"":{""day"":5,""date"":""2026-07-17"",""time"":""0800""},""close"":{""day"":5,""date"":""2026-07-17"",""time"":""2200""}},{""open"":{""day"":6,""date"":""2026-07-18"",""time"":""0800""},""close"":{""day"":6,""date"":""2026-07-18"",""time"":""2200""}}],""open_now"":true,""weekday_text"":[""יום ראשון: 8:00–22:00"",""יום שני: 8:00–22:00"",""יום שלישי: 8:00–22:00"",""יום רביעי: 8:00–22:00"",""יום חמישי: 8:00–22:00"",""יום שישי: 8:00–22:00"",""יום שבת: 8:00–22:00""]}","""2026-07-14T07:12:51.175Z""","""2026-07-14T07:12:51.175Z"""
3eea5052-cf4e-43cd-8571-ff48f7a19ff1,b389876f-9a01-4dda-b3a5-6b673a789468,מוזיאון כפר פתוח Vogtsbauernhof,,culture,48.1575,8.1906,ChIJcXBO1rTakEcRgSnHt97cyO4,"{""periods"":[{""open"":{""day"":0,""date"":""2026-07-19"",""time"":""0900""},""close"":{""day"":0,""date"":""2026-07-19"",""time"":""1800""}},{""open"":{""day"":1,""date"":""2026-07-20"",""time"":""0900""},""close"":{""day"":1,""date"":""2026-07-20"",""time"":""1800""}},{""open"":{""day"":2,""date"":""2026-07-14"",""time"":""0900""},""close"":{""day"":2,""date"":""2026-07-14"",""time"":""1800""}},{""open"":{""day"":3,""date"":""2026-07-15"",""time"":""0900""},""close"":{""day"":3,""date"":""2026-07-15"",""time"":""1800""}},{""open"":{""day"":4,""date"":""2026-07-16"",""time"":""0900""},""close"":{""day"":4,""date"":""2026-07-16"",""time"":""1800""}},{""open"":{""day"":5,""date"":""2026-07-17"",""time"":""0900""},""close"":{""day"":5,""date"":""2026-07-17"",""time"":""1800""}},{""open"":{""day"":6,""date"":""2026-07-18"",""time"":""0900""},""close"":{""day"":6,""date"":""2026-07-18"",""time"":""1800""}}],""open_now"":false,""weekday_text"":[""יום ראשון: 9:00–18:00"",""יום שני: 9:00–18:00"",""יום שלישי: 9:00–18:00"",""יום רביעי: 9:00–18:00"",""יום חמישי: 9:00–18:00"",""יום שישי: 9:00–18:00"",""יום שבת: 9:00–18:00""]}","""2026-07-14T07:12:51.181Z""","""2026-07-14T07:12:51.181Z"""
43e557c2-6acc-4ef9-9973-3200d657d6b3,b389876f-9a01-4dda-b3a5-6b673a789468,Therme Erding – ספא המים הגדול בעולם,,activity,48.3045,11.9131,ChIJH8EL2U4QnkcReD2Uos8B02k,"{""periods"":[{""open"":{""day"":0,""date"":""2026-07-19"",""time"":""0900""},""close"":{""day"":0,""date"":""2026-07-19"",""time"":""2300""}},{""open"":{""day"":1,""date"":""2026-07-20"",""time"":""1000""},""close"":{""day"":1,""date"":""2026-07-20"",""time"":""2300""}},{""open"":{""day"":2,""date"":""2026-07-14"",""time"":""1000""},""close"":{""day"":2,""date"":""2026-07-14"",""time"":""2300""}},{""open"":{""day"":3,""date"":""2026-07-15"",""time"":""1000""},""close"":{""day"":3,""date"":""2026-07-15"",""time"":""2300""}},{""open"":{""day"":4,""date"":""2026-07-16"",""time"":""1000""},""close"":{""day"":4,""date"":""2026-07-16"",""time"":""2300""}},{""open"":{""day"":5,""date"":""2026-07-17"",""time"":""1000""},""close"":{""day"":5,""date"":""2026-07-17"",""time"":""2300""}},{""open"":{""day"":6,""date"":""2026-07-18"",""time"":""0900""},""close"":{""day"":0,""date"":""2026-07-19"",""time"":""0000""}}],""open_now"":false,""weekday_text"":[""יום ראשון: 9:00–23:00"",""יום שני: 10:00–23:00"",""יום שלישי: 10:00–23:00"",""יום רביעי: 10:00–23:00"",""יום חמישי: 10:00–23:00"",""יום שישי: 10:00–23:00"",""יום שבת: 9:00–0:00""]}","""2026-07-14T07:12:51.183Z""","""2026-07-14T07:12:51.183Z"""
1f15aa65-a082-41f7-a08d-113450956292,b389876f-9a01-4dda-b3a5-6b673a789468,Merkur Bergbahn – רכבל לפנורמה,,nature,48.7738,8.2556,ChIJU9X0AbUYl0cREMMfqbhud1w,,"""2026-07-14T07:12:51.184Z""","""2026-07-14T08:55:06.815Z"""
80be69a0-bbb3-46c7-ab3d-18320a19ec3e,b389876f-9a01-4dda-b3a5-6b673a789468,Augustiner Keller Biergarten,,restaurant,48.1437,11.5386,ChIJe8ga9v11nkcRX8CtPNbgTJs,"{""periods"":[{""open"":{""day"":0,""date"":""2026-07-19"",""time"":""1000""},""close"":{""day"":1,""date"":""2026-07-20"",""time"":""0000""}},{""open"":{""day"":1,""date"":""2026-07-20"",""time"":""1000""},""close"":{""day"":1,""date"":""2026-07-20"",""time"":""2359"",""truncated"":true}},{""open"":{""day"":2,""date"":""2026-07-14"",""time"":""1000""},""close"":{""day"":3,""date"":""2026-07-15"",""time"":""0000""}},{""open"":{""day"":3,""date"":""2026-07-15"",""time"":""1000""},""close"":{""day"":4,""date"":""2026-07-16"",""time"":""0000""}},{""open"":{""day"":4,""date"":""2026-07-16"",""time"":""1000""},""close"":{""day"":5,""date"":""2026-07-17"",""time"":""0000""}},{""open"":{""day"":5,""date"":""2026-07-17"",""time"":""1000""},""close"":{""day"":6,""date"":""2026-07-18"",""time"":""0000""}},{""open"":{""day"":6,""date"":""2026-07-18"",""time"":""1000""},""close"":{""day"":0,""date"":""2026-07-19"",""time"":""0000""}}],""open_now"":false,""weekday_text"":[""יום ראשון: 10:00–0:00"",""יום שני: 10:00–0:00"",""יום שלישי: 10:00–0:00"",""יום רביעי: 10:00–0:00"",""יום חמישי: 10:00–0:00"",""יום שישי: 10:00–0:00"",""יום שבת: 10:00–0:00""]}","""2026-07-14T07:12:51.185Z""","""2026-07-14T07:12:51.185Z"""
f68e4e47-3c59-4b59-ae65-8c757d0059fb,b389876f-9a01-4dda-b3a5-6b673a789468,Wirtshaus in der Au,,restaurant,48.128,11.5878,ChIJ2YJ3mHzfnUcRZ8LfM7KI30k,"{""periods"":[{""open"":{""day"":0,""date"":""2026-07-19"",""time"":""1000""},""close"":{""day"":0,""date"":""2026-07-19"",""time"":""2300""}},{""open"":{""day"":1,""date"":""2026-07-20"",""time"":""1700""},""close"":{""day"":1,""date"":""2026-07-20"",""time"":""2300""}},{""open"":{""day"":2,""date"":""2026-07-14"",""time"":""1700""},""close"":{""day"":2,""date"":""2026-07-14"",""time"":""2300""}},{""open"":{""day"":3,""date"":""2026-07-15"",""time"":""1700""},""close"":{""day"":3,""date"":""2026-07-15"",""time"":""2300""}},{""open"":{""day"":4,""date"":""2026-07-16"",""time"":""1700""},""close"":{""day"":4,""date"":""2026-07-16"",""time"":""2300""}},{""open"":{""day"":5,""date"":""2026-07-17"",""time"":""1700""},""close"":{""day"":5,""date"":""2026-07-17"",""time"":""2300""}},{""open"":{""day"":6,""date"":""2026-07-18"",""time"":""1000""},""close"":{""day"":6,""date"":""2026-07-18"",""time"":""2300""}}],""open_now"":false,""weekday_text"":[""יום ראשון: 10:00–23:00"",""יום שני: 17:00–23:00"",""יום שלישי: 17:00–23:00"",""יום רביעי: 17:00–23:00"",""יום חמישי: 17:00–23:00"",""יום שישי: 17:00–23:00"",""יום שבת: 10:00–23:00""]}","""2026-07-14T07:12:51.187Z""","""2026-07-14T07:12:51.187Z"""
a8062741-b723-4454-832f-5607b10e659a,b389876f-9a01-4dda-b3a5-6b673a789468,Schneider Weisse Tap House,,restaurant,48.1361,11.5797,ChIJWSpmWop1nkcRZSRCDS-wOeU,"{""periods"":[{""open"":{""day"":0,""date"":""2026-07-19"",""time"":""0900""},""close"":{""day"":0,""date"":""2026-07-19"",""time"":""2330""}},{""open"":{""day"":1,""date"":""2026-07-20"",""time"":""0900""},""close"":{""day"":1,""date"":""2026-07-20"",""time"":""2330""}},{""open"":{""day"":2,""date"":""2026-07-14"",""time"":""0900""},""close"":{""day"":2,""date"":""2026-07-14"",""time"":""2330""}},{""open"":{""day"":3,""date"":""2026-07-15"",""time"":""0900""},""close"":{""day"":3,""date"":""2026-07-15"",""time"":""2330""}},{""open"":{""day"":4,""date"":""2026-07-16"",""time"":""0900""},""close"":{""day"":4,""date"":""2026-07-16"",""time"":""2330""}},{""open"":{""day"":5,""date"":""2026-07-17"",""time"":""0900""},""close"":{""day"":5,""date"":""2026-07-17"",""time"":""2330""}},{""open"":{""day"":6,""date"":""2026-07-18"",""time"":""0900""},""close"":{""day"":6,""date"":""2026-07-18"",""time"":""2330""}}],""open_now"":false,""weekday_text"":[""יום ראשון: 9:00–23:30"",""יום שני: 9:00–23:30"",""יום שלישי: 9:00–23:30"",""יום רביעי: 9:00–23:30"",""יום חמישי: 9:00–23:30"",""יום שישי: 9:00–23:30"",""יום שבת: 9:00–23:30""]}","""2026-07-14T07:12:51.188Z""","""2026-07-14T07:12:51.188Z"""
0b4827e3-95ff-422b-b96c-db84e38c8a7d,b389876f-9a01-4dda-b3a5-6b673a789468,Alte Pinakothek,,culture,48.1487,11.5699,ChIJ12nAjO51nkcRt8DRlE8kWIE,"{""periods"":[{""open"":{""day"":0,""date"":""2026-07-19"",""time"":""1000""},""close"":{""day"":0,""date"":""2026-07-19"",""time"":""1800""}},{""open"":{""day"":2,""date"":""2026-07-14"",""time"":""1000""},""close"":{""day"":2,""date"":""2026-07-14"",""time"":""2000""}},{""open"":{""day"":3,""date"":""2026-07-15"",""time"":""1000""},""close"":{""day"":3,""date"":""2026-07-15"",""time"":""2000""}},{""open"":{""day"":4,""date"":""2026-07-16"",""time"":""1000""},""close"":{""day"":4,""date"":""2026-07-16"",""time"":""1800""}},{""open"":{""day"":5,""date"":""2026-07-17"",""time"":""1000""},""close"":{""day"":5,""date"":""2026-07-17"",""time"":""1800""}},{""open"":{""day"":6,""date"":""2026-07-18"",""time"":""1000""},""close"":{""day"":6,""date"":""2026-07-18"",""time"":""1800""}}],""open_now"":false,""weekday_text"":[""יום ראשון: 10:00–18:00"",""יום שני: סגור"",""יום שלישי: 10:00–20:00"",""יום רביעי: 10:00–20:00"",""יום חמישי: 10:00–18:00"",""יום שישי: 10:00–18:00"",""יום שבת: 10:00–18:00""]}","""2026-07-14T07:12:51.190Z""","""2026-07-14T07:12:51.190Z"""
6c428e0b-8a15-4436-b508-c8b0578cd74b,b389876f-9a01-4dda-b3a5-6b673a789468,פסל בוואריה + Ruhmeshalle,,culture,48.1303,11.5491,ChIJN_AF06zYnUcRwcmPJcyCFQU,"{""periods"":[{""open"":{""day"":0,""date"":""2026-07-19"",""time"":""0900""},""close"":{""day"":0,""date"":""2026-07-19"",""time"":""1700""}},{""open"":{""day"":1,""date"":""2026-07-20"",""time"":""0900""},""close"":{""day"":1,""date"":""2026-07-20"",""time"":""1700""}},{""open"":{""day"":2,""date"":""2026-07-14"",""time"":""0900""},""close"":{""day"":2,""date"":""2026-07-14"",""time"":""1700""}},{""open"":{""day"":3,""date"":""2026-07-15"",""time"":""0900""},""close"":{""day"":3,""date"":""2026-07-15"",""time"":""1700""}},{""open"":{""day"":4,""date"":""2026-07-16"",""time"":""0900""},""close"":{""day"":4,""date"":""2026-07-16"",""time"":""1700""}},{""open"":{""day"":5,""date"":""2026-07-17"",""time"":""0900""},""close"":{""day"":5,""date"":""2026-07-17"",""time"":""1700""}},{""open"":{""day"":6,""date"":""2026-07-18"",""time"":""0900""},""close"":{""day"":6,""date"":""2026-07-18"",""time"":""1700""}}],""open_now"":false,""weekday_text"":[""יום ראשון: 9:00–17:00"",""יום שני: 9:00–17:00"",""יום שלישי: 9:00–17:00"",""יום רביעי: 9:00–17:00"",""יום חמישי: 9:00–17:00"",""יום שישי: 9:00–17:00"",""יום שבת: 9:00–17:00""]}","""2026-07-14T07:12:51.191Z""","""2026-07-14T07:12:51.191Z"""
702c13d9-b72d-40a5-9ff2-8404b29a9855,b389876f-9a01-4dda-b3a5-6b673a789468,Eisbachwelle – גלישת גלים בלב מינכן,,nature,48.1444,11.5872,ChIJb_TEzGN1nkcRl8UxJJjzS5Q,,"""2026-07-14T07:12:51.192Z""","""2026-07-14T08:55:06.815Z"""
6577dcd7-6b77-4dd0-91ad-fd06d4e4daca,b389876f-9a01-4dda-b3a5-6b673a789468,Viktualienmarkt,,shopping,48.1353899,11.5760761,ChIJs7KGJoF1nkcRbvHy7HEBKiU,"{""periods"":[{""open"":{""day"":1,""date"":""2026-07-20"",""time"":""0800""},""close"":{""day"":1,""date"":""2026-07-20"",""time"":""2000""}},{""open"":{""day"":2,""date"":""2026-07-14"",""time"":""0800""},""close"":{""day"":2,""date"":""2026-07-14"",""time"":""2000""}},{""open"":{""day"":3,""date"":""2026-07-15"",""time"":""0800""},""close"":{""day"":3,""date"":""2026-07-15"",""time"":""2000""}},{""open"":{""day"":4,""date"":""2026-07-16"",""time"":""0800""},""close"":{""day"":4,""date"":""2026-07-16"",""time"":""2000""}},{""open"":{""day"":5,""date"":""2026-07-17"",""time"":""0800""},""close"":{""day"":5,""date"":""2026-07-17"",""time"":""2000""}},{""open"":{""day"":6,""date"":""2026-07-18"",""time"":""0800""},""close"":{""day"":6,""date"":""2026-07-18"",""time"":""2000""}}],""open_now"":true,""weekday_text"":[""יום ראשון: סגור"",""יום שני: 8:00–20:00"",""יום שלישי: 8:00–20:00"",""יום רביעי: 8:00–20:00"",""יום חמישי: 8:00–20:00"",""יום שישי: 8:00–20:00"",""יום שבת: 8:00–20:00""]}","""2026-07-14T07:12:51.197Z""","""2026-07-14T07:12:51.197Z"""
242fcdd5-54bb-43df-9f81-8e41bfd52c36,b389876f-9a01-4dda-b3a5-6b673a789468,עולם ה- BMW,,culture,48.1771981,11.5562963,ChIJ0VcAin12nkcReOfzPsk8NaU,"{""periods"":[{""open"":{""day"":0,""date"":""2026-07-19"",""time"":""0900""},""close"":{""day"":1,""date"":""2026-07-20"",""time"":""0000""}},{""open"":{""day"":1,""date"":""2026-07-20"",""time"":""0730""},""close"":{""day"":1,""date"":""2026-07-20"",""time"":""2359"",""truncated"":true}},{""open"":{""day"":2,""date"":""2026-07-14"",""time"":""0730""},""close"":{""day"":3,""date"":""2026-07-15"",""time"":""0000""}},{""open"":{""day"":3,""date"":""2026-07-15"",""time"":""0730""},""close"":{""day"":4,""date"":""2026-07-16"",""time"":""0000""}},{""open"":{""day"":4,""date"":""2026-07-16"",""time"":""0730""},""close"":{""day"":5,""date"":""2026-07-17"",""time"":""0000""}},{""open"":{""day"":5,""date"":""2026-07-17"",""time"":""0730""},""close"":{""day"":6,""date"":""2026-07-18"",""time"":""0000""}},{""open"":{""day"":6,""date"":""2026-07-18"",""time"":""0730""},""close"":{""day"":0,""date"":""2026-07-19"",""time"":""0000""}}],""open_now"":true,""weekday_text"":[""יום ראשון: 9:00–0:00"",""יום שני: 7:30–0:00"",""יום שלישי: 7:30–0:00"",""יום רביעי: 7:30–0:00"",""יום חמישי: 7:30–0:00"",""יום שישי: 7:30–0:00"",""יום שבת: 7:30–0:00""]}","""2026-07-14T07:12:51.204Z""","""2026-07-14T07:12:51.204Z"""
206d549c-f2bc-4633-931f-4687dadca744,b389876f-9a01-4dda-b3a5-6b673a789468,Exit the Room München,,activity,48.154897,11.5785377,ChIJZzl208F1nkcRCowPk7_SVms,"{""periods"":[{""open"":{""day"":0,""date"":""2026-07-19"",""time"":""1045""},""close"":{""day"":0,""date"":""2026-07-19"",""time"":""2215""}},{""open"":{""day"":1,""date"":""2026-07-20"",""time"":""1545""},""close"":{""day"":1,""date"":""2026-07-20"",""time"":""2215""}},{""open"":{""day"":2,""date"":""2026-07-14"",""time"":""1545""},""close"":{""day"":2,""date"":""2026-07-14"",""time"":""2215""}},{""open"":{""day"":3,""date"":""2026-07-15"",""time"":""1545""},""close"":{""day"":3,""date"":""2026-07-15"",""time"":""2215""}},{""open"":{""day"":4,""date"":""2026-07-16"",""time"":""1545""},""close"":{""day"":4,""date"":""2026-07-16"",""time"":""2215""}},{""open"":{""day"":5,""date"":""2026-07-17"",""time"":""1545""},""close"":{""day"":5,""date"":""2026-07-17"",""time"":""2215""}},{""open"":{""day"":6,""date"":""2026-07-18"",""time"":""1045""},""close"":{""day"":6,""date"":""2026-07-18"",""time"":""2215""}}],""open_now"":false,""weekday_text"":[""יום ראשון: 10:45–22:15"",""יום שני: 15:45–22:15"",""יום שלישי: 15:45–22:15"",""יום רביעי: 15:45–22:15"",""יום חמישי: 15:45–22:15"",""יום שישי: 15:45–22:15"",""יום שבת: 10:45–22:15""]}","""2026-07-14T07:12:51.205Z""","""2026-07-14T07:12:51.205Z"""
1086a37e-f486-4d32-8e91-29e4f86bda51,b389876f-9a01-4dda-b3a5-6b673a789468,Tantris,,restaurant,48.169796,11.588339,ChIJtSGICsp1nkcRsO8j0sObIio,"{""periods"":[{""open"":{""day"":3,""date"":""2026-07-15"",""time"":""1200""},""close"":{""day"":3,""date"":""2026-07-15"",""time"":""1600""}},{""open"":{""day"":3,""date"":""2026-07-15"",""time"":""1830""},""close"":{""day"":4,""date"":""2026-07-16"",""time"":""0000""}},{""open"":{""day"":4,""date"":""2026-07-16"",""time"":""1200""},""close"":{""day"":4,""date"":""2026-07-16"",""time"":""1600""}},{""open"":{""day"":4,""date"":""2026-07-16"",""time"":""1830""},""close"":{""day"":5,""date"":""2026-07-17"",""time"":""0000""}},{""open"":{""day"":5,""date"":""2026-07-17"",""time"":""1200""},""close"":{""day"":5,""date"":""2026-07-17"",""time"":""1600""}},{""open"":{""day"":5,""date"":""2026-07-17"",""time"":""1830""},""close"":{""day"":6,""date"":""2026-07-18"",""time"":""0000""}},{""open"":{""day"":6,""date"":""2026-07-18"",""time"":""1200""},""close"":{""day"":6,""date"":""2026-07-18"",""time"":""1600""}},{""open"":{""day"":6,""date"":""2026-07-18"",""time"":""1830""},""close"":{""day"":0,""date"":""2026-07-19"",""time"":""0000""}}],""open_now"":false,""weekday_text"":[""יום ראשון: סגור"",""יום שני: סגור"",""יום שלישי: סגור"",""יום רביעי: 12:00–16:00, 18:30–0:00"",""יום חמישי: 12:00–16:00, 18:30–0:00"",""יום שישי: 12:00–16:00, 18:30–0:00"",""יום שבת: 12:00–16:00, 18:30–0:00""]}","""2026-07-14T07:12:51.207Z""","""2026-07-14T07:12:51.207Z"""
33abbbef-dbb9-421d-a8f2-cd61571f39f6,b389876f-9a01-4dda-b3a5-6b673a789468,Augustiner Bräustuben,,restaurant,48.1392299,11.5455912,ChIJFwSNT_IBCUERKgoTuCz6Lho,"{""periods"":[{""open"":{""day"":0,""date"":""2026-07-19"",""time"":""1000""},""close"":{""day"":1,""date"":""2026-07-20"",""time"":""0000""}},{""open"":{""day"":1,""date"":""2026-07-20"",""time"":""1000""},""close"":{""day"":1,""date"":""2026-07-20"",""time"":""2359"",""truncated"":true}},{""open"":{""day"":2,""date"":""2026-07-14"",""time"":""1000""},""close"":{""day"":3,""date"":""2026-07-15"",""time"":""0000""}},{""open"":{""day"":3,""date"":""2026-07-15"",""time"":""1000""},""close"":{""day"":4,""date"":""2026-07-16"",""time"":""0000""}},{""open"":{""day"":4,""date"":""2026-07-16"",""time"":""1000""},""close"":{""day"":5,""date"":""2026-07-17"",""time"":""0000""}},{""open"":{""day"":5,""date"":""2026-07-17"",""time"":""1000""},""close"":{""day"":6,""date"":""2026-07-18"",""time"":""0000""}},{""open"":{""day"":6,""date"":""2026-07-18"",""time"":""1000""},""close"":{""day"":0,""date"":""2026-07-19"",""time"":""0000""}}],""open_now"":false,""weekday_text"":[""יום ראשון: 10:00–0:00"",""יום שני: 10:00–0:00"",""יום שלישי: 10:00–0:00"",""יום רביעי: 10:00–0:00"",""יום חמישי: 10:00–0:00"",""יום שישי: 10:00–0:00"",""יום שבת: 10:00–0:00""]}","""2026-07-14T07:12:51.208Z""","""2026-07-14T07:12:51.208Z"""
536f7e6d-63d6-4f82-b627-7a2193dad623,b389876f-9a01-4dda-b3a5-6b673a789468,Zum Franziskaner,,restaurant,48.1393887,11.5771912,ChIJl3MdX4t1nkcR_b2vJ4wLuKM,"{""periods"":[{""open"":{""day"":0,""date"":""2026-07-19"",""time"":""1000""},""close"":{""day"":1,""date"":""2026-07-20"",""time"":""0000""}},{""open"":{""day"":1,""date"":""2026-07-20"",""time"":""1000""},""close"":{""day"":1,""date"":""2026-07-20"",""time"":""2359"",""truncated"":true}},{""open"":{""day"":2,""date"":""2026-07-14"",""time"":""1000""},""close"":{""day"":3,""date"":""2026-07-15"",""time"":""0000""}},{""open"":{""day"":3,""date"":""2026-07-15"",""time"":""1000""},""close"":{""day"":4,""date"":""2026-07-16"",""time"":""0000""}},{""open"":{""day"":4,""date"":""2026-07-16"",""time"":""1000""},""close"":{""day"":5,""date"":""2026-07-17"",""time"":""0000""}},{""open"":{""day"":5,""date"":""2026-07-17"",""time"":""1000""},""close"":{""day"":6,""date"":""2026-07-18"",""time"":""0000""}},{""open"":{""day"":6,""date"":""2026-07-18"",""time"":""1000""},""close"":{""day"":0,""date"":""2026-07-19"",""time"":""0000""}}],""open_now"":false,""weekday_text"":[""יום ראשון: 10:00–0:00"",""יום שני: 10:00–0:00"",""יום שלישי: 10:00–0:00"",""יום רביעי: 10:00–0:00"",""יום חמישי: 10:00–0:00"",""יום שישי: 10:00–0:00"",""יום שבת: 10:00–0:00""]}","""2026-07-14T07:12:51.210Z""","""2026-07-14T07:12:51.210Z"""
8b4b9302-72f8-45ab-987c-50fdec1d0506,b389876f-9a01-4dda-b3a5-6b673a789468,"Black Forest Burger, Restaurant",,restaurant,47.6230646,8.2138507,ChIJ9b-2LapDkEcRxGqcyGTiEZc,,"""2026-07-14T07:12:51.217Z""","""2026-07-14T08:55:06.815Z"""
34a2256c-63a3-465a-9d27-8fdaee12b744,b389876f-9a01-4dda-b3a5-6b673a789468,Alpine Coaster,,activity,47.59633849999999,11.0489385,ChIJl2Us_yirnUcRN4MxyhN7qOA,"{""periods"":[{""open"":{""day"":0,""date"":""2026-07-19"",""time"":""1100""},""close"":{""day"":0,""date"":""2026-07-19"",""time"":""1800""}},{""open"":{""day"":1,""date"":""2026-07-20"",""time"":""1100""},""close"":{""day"":1,""date"":""2026-07-20"",""time"":""1800""}},{""open"":{""day"":2,""date"":""2026-07-14"",""time"":""1100""},""close"":{""day"":2,""date"":""2026-07-14"",""time"":""1800""}},{""open"":{""day"":3,""date"":""2026-07-15"",""time"":""1100""},""close"":{""day"":3,""date"":""2026-07-15"",""time"":""1800""}},{""open"":{""day"":4,""date"":""2026-07-16"",""time"":""1100""},""close"":{""day"":4,""date"":""2026-07-16"",""time"":""1800""}},{""open"":{""day"":5,""date"":""2026-07-17"",""time"":""1100""},""close"":{""day"":5,""date"":""2026-07-17"",""time"":""1800""}},{""open"":{""day"":6,""date"":""2026-07-18"",""time"":""1100""},""close"":{""day"":6,""date"":""2026-07-18"",""time"":""1800""}}],""open_now"":false,""weekday_text"":[""יום ראשון: 11:00–18:00"",""יום שני: 11:00–18:00"",""יום שלישי: 11:00–18:00"",""יום רביעי: 11:00–18:00"",""יום חמישי: 11:00–18:00"",""יום שישי: 11:00–18:00"",""יום שבת: 11:00–18:00""]}","""2026-07-14T07:12:51.218Z""","""2026-07-14T07:12:51.218Z"""
797ef99d-2b95-4436-8879-e7ee4396ca55,b389876f-9a01-4dda-b3a5-6b673a789468,Treetop Walk Black Forest,,nature,48.7503584,8.5357728,ChIJ9TqIdj4Vl0cR8CtehapfSOc,,"""2026-07-14T07:12:51.219Z""","""2026-07-14T08:55:06.815Z"""
470427e4-4478-40d1-b7aa-710108f1f1f1,b389876f-9a01-4dda-b3a5-6b673a789468,Hasenhorn,"2,900 מ' מגלשת קיץ + כיסא מעופף | נוף מרהיב",activity,47.81944439999999,7.9586111,,,"""2026-07-14T07:12:51.229Z""","""2026-07-14T07:12:51.229Z"""
e52cdba8-dd29-4e44-b720-1e7a467bc51e,b389876f-9a01-4dda-b3a5-6b673a789468,אגם Schluchsee,"האגם הגדול ביותר ביער | שלווה, סירות, הליכה",forest,,,,,"""2026-07-14T07:12:51.246Z""","""2026-07-14T07:12:51.246Z"""
5722912a-8154-4686-a2b4-5b647f115ecf,b389876f-9a01-4dda-b3a5-6b673a789468,אגם Starnberg,ציורי | מקום מותו של לודוויג ה-II,travel,,,,,"""2026-07-14T07:12:51.248Z""","""2026-07-14T07:12:51.248Z"""
775555e1-375c-4d86-9a3e-8af055410d3f,b389876f-9a01-4dda-b3a5-6b673a789468,Sankt Blasien – כיפה ענקית,קתדרלה בסגנון פנתיאון רומאי,forest,,,,,"""2026-07-14T07:12:51.248Z""","""2026-07-14T07:12:51.248Z"""
97d346fc-2d38-4688-82b8-3819f04192a2,b389876f-9a01-4dda-b3a5-6b673a789468,F1 Simulator,סימולטור מקצועי | הזמינו מראש!,munich,,,,,"""2026-07-14T07:12:51.249Z""","""2026-07-14T07:12:51.249Z"""
cc4a7b7e-6368-4d07-a32c-d788ca98e326,b389876f-9a01-4dda-b3a5-6b673a789468,Olympiapark Munich,אצטדיון 1972 + מגדל תצפית | ליד BMW Welt,munich,,,,,"""2026-07-14T07:12:51.249Z""","""2026-07-14T07:12:51.249Z"""
c37677e6-7dac-4232-b4f6-f7accb2e61c2,b389876f-9a01-4dda-b3a5-6b673a789468,Landgasthof Hirschen,"ארוחת ערב מסורתית ביער | ציד, פטריות, שחור-יער",food,,,,,"""2026-07-14T07:12:51.252Z""","""2026-07-14T07:12:51.252Z"""
1cb8cd21-4260-4906-98b0-e0376332471c,b389876f-9a01-4dda-b3a5-6b673a789468,מסעדה על שפת Titisee,ארוחה עם נוף לאגם ולהרים,food,,,,,"""2026-07-14T07:12:51.257Z""","""2026-07-14T07:12:51.257Z"""
f03183a6-574d-47aa-83ac-c68282de55d0,b389876f-9a01-4dda-b3a5-6b673a789468,Rulantica Waterpark,"פארק המים הגדול ביותר בגרמניה שנפתח ב-2019, בבעלות Europa-Park. 17 מגלשות מי מרהיבות, מתחם גלים ענק, מגלשת רוקט-מי בגובה 4 קומות ואזור ילדים. מומלץ לרכוש כרטיסים משולבים עם Europa-Park ולהגיע מיד עם הפתיחה ב-9:00 — הפארק מתמלא מהר בקיץ!",special,,,,,"""2026-07-14T07:12:51.258Z""","""2026-07-14T07:12:51.258Z"""
5b4ee8a1-a942-40e6-bb90-5e20bbde9d82,b389876f-9a01-4dda-b3a5-6b673a789468,Casino Munich – Spielbank,"קזינו ממלכתי של מינכן, נמצא בלב העיר ליד גן ה-English Garden. מגוון שולחנות רולטה, בלאקג'ק ומכונות. הכניסה חינמית ולבוש מינימלי נדרש (לא ג'ינס קרועים). ניתן לקחת הפסקה לארוחת ערב במסעדה שבתוך הקזינו עם נוף לנהר Isar.",munich,,,,,"""2026-07-14T07:12:51.259Z""","""2026-07-14T07:12:51.259Z"""
1ce54d2f-5618-4af6-b502-dd40fc420efa,b389876f-9a01-4dda-b3a5-6b673a789468,Hornisgrinde – פסגת יער שחור הצפוני,"הנקודה הגבוהה של יער שחור הצפוני (1,163 מ'). בימים בהירים – נוף לאלפים ולאלזס, מעל שכבת הערפל שמכסה את עמק הריין. נסיעה ברכב עד קרוב לפסגה (כביש שמורה) + הליכה 20 דק'. מגדל תצפית קטן בחינם. לשלב עם BadWildbad ו-Allerheiligen.",forest,,,,,"""2026-07-14T07:12:51.262Z""","""2026-07-14T07:12:51.262Z"""
42a571b0-6108-4eb5-a728-1275cb5162a6,b389876f-9a01-4dda-b3a5-6b673a789468,אאוגסבורג – ריינבות מוזיאון + Fuggerei,"הסצנה היהודית-רנסנסית הגדולה בגרמניה. Fuggerei (1516) – שכונת העניים הוותיקה בעולם, עדיין פעילה (שכ""ד €1 לשנה + תפילה!). קתדרלה מ-1065 עם ויטראז'ים מ-1065 – הישנים ביותר בעולם. נחמד לשלב עם מינכן ביום אחד.",travel,,,,,"""2026-07-14T07:12:51.265Z""","""2026-07-14T07:12:51.265Z"""
5d951052-20d9-4d5a-b340-d5396ed58af1,b389876f-9a01-4dda-b3a5-6b673a789468,Griffin's Pub,,food,,,,,"""2026-07-14T07:12:51.266Z""","""2026-07-14T07:12:51.266Z"""
bf761a93-6ce5-4eec-9c19-cc43e86c0c8f,b389876f-9a01-4dda-b3a5-6b673a789468,Schauinsland – רכבל + שביל ירידה,"הרכבל הארוך ביותר של יער שחור (3.6 ק""מ) מוביל ל-1,284 מ'. בפסגה: מגדל תצפית 360°, שבילי הליכה קלים ומסעדה בנוף. ניתן לרדת ברגל בשביל מסומן (~2 שעות). מצוין לשלב עם ביקור בפרייבורג באותו יום. פתוח כל ימות השנה.",forest,,,,,"""2026-07-14T07:12:51.270Z""","""2026-07-14T07:12:51.270Z"""
700ea52e-51f8-43d6-99ec-5eaca7e3547c,b389876f-9a01-4dda-b3a5-6b673a789468,גיא Wutachschlucht – הגרנד קניון של גרמניה,"שמורת טבע מרשימה הנקראת ""הגרנד קניון של שחור יער"" – גיא עמוק שנוצר בעקבות שינוי כיוון נהר Wutach לפני 10,000 שנים. שביל הגיא הקלאסי: ~13 ק""מ עם מפלי מים, גשרים ועצים ענקיים. גרסה קצרה: 4 ק""מ מ-Schattenmühle. נסיעת חזרה כדאי לתאם מראש.",forest,,,,,"""2026-07-14T07:12:51.270Z""","""2026-07-14T07:12:51.270Z"""
175dc0c0-d239-469f-ae3c-0f7d8a74e4c1,b389876f-9a01-4dda-b3a5-6b673a789468,KZ Dachau – אנדרטה ומוזיאון,"אתר ההנצחה של מחנה הריכוז הנאצי הראשון (1933–1945). המוזיאון מוביל דרך ההיסטוריה השלמה, צריפי מגורים שוחזרו ומגדלי שמירה מקוריים. כניסה חינמית. מגיעים: S2 לתחנת Dachau + אוטובוס 726. קחו 3–4 שעות, ואל תדלגו – זו חוויה שמשנה.",munich,,,,,"""2026-07-14T07:12:51.271Z""","""2026-07-14T07:12:51.271Z"""
9c2fa573-859a-44af-b11f-d232684b8308,b389876f-9a01-4dda-b3a5-6b673a789468,Olympiaturm – מגדל תצפית 291 מ',מגדל הטלוויזיה של מינכן – פלטפורמת תצפית ב-190 מ' עם נוף מרהיב לאלפים ביום בהיר. מסעדה מסתובבת בפסגה (סיבוב מלא ב-53 דק'). שלבו עם ביקור ב-BMW Welt ו-Olympiapark הסמוכים. הטיפוס במעלית בשניות – צאו בגדול עם 5 נקודות בפעם אחת.,munich,,,,,"""2026-07-14T07:12:51.272Z""","""2026-07-14T07:12:51.272Z"""
71a14fad-42fb-43b1-a91c-27f1b24a985c,b389876f-9a01-4dda-b3a5-6b673a789468,Ratskeller מינכן – מרתף העיריה,"מסעדה היסטורית מ-1874 בקמרונות הגותיים מתחת לבניין העיריה של מינכן. מנות בוורסטיות קלאסיות: Weißwurst, Schweinshaxe, Schnitzel. מחיר סביר לתיירים ביחס לאיכות ומיקום. האווירה ייחודית – כמו לאכול בתוך מצודה.",food,,,,,"""2026-07-14T07:12:51.273Z""","""2026-07-14T07:12:51.273Z"""
f37199e9-9ddb-4bd6-bc33-b80e29d36553,b389876f-9a01-4dda-b3a5-6b673a789468,Schloss Schleissheim – ורסאי של מינכן,"קומפלקס של שלושה ארמונות בארוקיים, נקרא ""ורסאי הבוורסטי"". New Palace – מגדל אמנות עם אוסף ציורי Rubens ו-Titian. הגנים הגדולים עם תעלות ופסלים – כמעט אין תיירים לעומת Nymphenburg. קלאסיקה לנסיעת בוקר מינכן.",munich,,,,,"""2026-07-14T07:12:51.274Z""","""2026-07-14T07:12:51.274Z"""
6e886d34-e7a5-4269-9b89-9c9a8eb192ff,b389876f-9a01-4dda-b3a5-6b673a789468,Brenner Grill – איטלקי פרימיום,"מסעדת גריל איטלקית מרשימה על הרחוב היוקרתי ביותר של מינכן. Bistecca Fiorentina ענקית (T-Bone 1 ק""ג), פסטות ביתיות, Bar קוקטיילים מצוין. עיצוב תעשייתי-אלגנטי. מחיר גבוה אבל תמורה גבוהה – מסעדה לערב יוצא דופן.",food,,,,,"""2026-07-14T07:12:51.276Z""","""2026-07-14T07:12:51.276Z"""
f1b2f20b-1b24-4930-ac25-3546ef78e388,b389876f-9a01-4dda-b3a5-6b673a789468,Schwarzwaldstube – 3 כוכבי מישלן,"אחת מ-9 מסעדות גרמניה עם 3 כוכבי מישלן. שף Harald Wohlfahrt בנה שם עולמי 34 שנה. Nouvelle Cuisine עם מרכיבי יער שחור: ציד, פטריות בר, עשבים. הזמינו חודשיים+ מראש! תפריט ערב €215–280 לאדם – ארוחת חיים.",food,,,,,"""2026-07-14T07:12:51.276Z""","""2026-07-14T07:12:51.276Z"""
8777f267-8fa9-4fff-a6ad-63e0c7333c41,b389876f-9a01-4dda-b3a5-6b673a789468,Winstub אלזסי – ארוחה מסורתית בצרפת,"Winstub = בר-יין מסורתי אלזסי, דומה לאוסטריה. מנות: Choucroute garnie (כרוב כבוש עם 5 סוגי בשר), Tarte flambée (פיצה דקה עם שמנת וגבינה), Munster (גבינה ריחנית). יין: Riesling, Pinot Gris, Gewurztraminer. חפשו ב-Strasbourg: Winstub le Clou, Chez Yvonne.",food,,,,,"""2026-07-14T07:12:51.277Z""","""2026-07-14T07:12:51.277Z"""
e65afda5-2789-4596-b6b6-7648e0d3ad8a,b389876f-9a01-4dda-b3a5-6b673a789468,Brauereigasthof Rothaus – בירת היער,המבשלה הממלכתית הגדולה ביותר של בדן-וורטמברג – מבשלת את Tannenzäpfle (הבירה הנמכרת ביותר בדרום גרמניה). אפשר לסייר במבשלה (+€5) ולאכול במסעדה המסורתית. בירה הטרייה ישירות מהמקור שונה לגמרי ממה שנמכר בחנויות.,food,,,,,"""2026-07-14T07:12:51.278Z""","""2026-07-14T07:12:51.278Z"""
470711ea-5f92-4fa0-b6fc-660806949b6e,b389876f-9a01-4dda-b3a5-6b673a789468,FC Bayern Museum,"מוזיאון הקבוצה הגדולה של גרמניה – 5 קומות, 3,000+ גביעים ופריטים. חדר סגנון FIFA ענק, מאחורי הקלעים של ה-Bundesliga, סרטי ניצחון ותצוגות אינטראקטיביות. אפשר להיכנס ללבוש הז'רזי של שחקנים. משולב נהדר עם Allianz Arena Tour.",munich,,,,,"""2026-07-14T07:12:51.278Z""","""2026-07-14T07:12:51.278Z"""
9435b4b1-092f-40aa-803c-d0602c9f537c,b389876f-9a01-4dda-b3a5-6b673a789468,Schuhbeck's – שף הכוכבים של בוואריה,"Alfons Schuhbeck – השף המפורסם ביותר של בוואריה ושף הנבחרת הגרמנית. מגוון מסעדות: Fine Dining, ביסטרו, בר. חנות תבלינים בחינם – חוויה בפני עצמה. מנות בוורסטיות-מחודשות עם טוויסטים בינלאומיים. לארוחה מושלמת.",food,,,,,"""2026-07-14T07:12:51.279Z""","""2026-07-14T07:12:51.279Z"""
0dcc86db-034c-4f0a-a436-3a910b5d8843,b389876f-9a01-4dda-b3a5-6b673a789468,Traumatica Halloween – Europa Park,"אירוע ה-Halloween הגדול ביותר בגרמניה! אוקטובר = Europa Park הופך למפחיד: 6 בתי רפאים, 3 מופעי תיאטרון, קוסמים ושדים בכל הפארק, תפאורה מרשימה. 19:00–23:30. כרטיסים נגמרים מוקדם – הזמינו חודש מראש! ניתן לשלב: ביקור פארק ביום + Traumatica בלילה.",special,48.266,7.722,ChIJ2V7jMoc5kUcRoK3y_wQ0txQ,"{""periods"":[{""open"":{""day"":0,""date"":""2026-07-19"",""time"":""0900""},""close"":{""day"":0,""date"":""2026-07-19"",""time"":""1800""}},{""open"":{""day"":1,""date"":""2026-07-20"",""time"":""0900""},""close"":{""day"":1,""date"":""2026-07-20"",""time"":""1800""}},{""open"":{""day"":2,""date"":""2026-07-14"",""time"":""0900""},""close"":{""day"":2,""date"":""2026-07-14"",""time"":""1800""}},{""open"":{""day"":3,""date"":""2026-07-15"",""time"":""0900""},""close"":{""day"":3,""date"":""2026-07-15"",""time"":""1800""}},{""open"":{""day"":4,""date"":""2026-07-16"",""time"":""0900""},""close"":{""day"":4,""date"":""2026-07-16"",""time"":""1800""}},{""open"":{""day"":5,""date"":""2026-07-17"",""time"":""0900""},""close"":{""day"":5,""date"":""2026-07-17"",""time"":""1800""}},{""open"":{""day"":6,""date"":""2026-07-18"",""time"":""0900""},""close"":{""day"":0,""date"":""2026-07-19"",""time"":""0000""}}],""open_now"":false,""weekday_text"":[""יום ראשון: 9:00–18:00"",""יום שני: 9:00–18:00"",""יום שלישי: 9:00–18:00"",""יום רביעי: 9:00–18:00"",""יום חמישי: 9:00–18:00"",""יום שישי: 9:00–18:00"",""יום שבת: 9:00–0:00""]}","""2026-07-14T07:12:51.290Z""","""2026-07-14T08:39:58.024Z"""
0f994f80-bcc1-4928-a74b-e90ce484decb,b389876f-9a01-4dda-b3a5-6b673a789468,Traumatica Halloween Event,,other,,,,,"""2026-07-14T07:12:51.292Z""","""2026-07-14T07:12:51.292Z"""
0ca0f2e3-d49a-49f8-93f4-52eb9a49cb72,b389876f-9a01-4dda-b3a5-6b673a789468,Freiburg im Breisgau,קתדרלה + שוק + תעלות רחוב | עיר יפה,forest,,,,,"""2026-07-14T07:12:51.295Z""","""2026-07-14T07:12:51.295Z"""
7caecd2d-7117-4a5c-9bb3-17ecd6b4a121,b389876f-9a01-4dda-b3a5-6b673a789468,מפלי Triberg + שעון קוקייה,163 מ' / 7 מפלים | הגדולים בגרמניה,forest,,,,,"""2026-07-14T07:12:51.295Z""","""2026-07-14T07:12:51.295Z"""
1348ce69-a4b5-405a-a232-59a45ac6ba50,b389876f-9a01-4dda-b3a5-6b673a789468,Lindau – אי על הבודנזה,אי קסום | נמל ציורי | נוף לאלפים,travel,,,,,"""2026-07-14T07:12:51.296Z""","""2026-07-14T07:12:51.296Z"""
86e7fc15-6d8a-484f-ac45-c26f81f9a945,b389876f-9a01-4dda-b3a5-6b673a789468,טירת Neuschwanstein,טירת דיסני המקורית | הזמינו כרטיסים מראש!,travel,,,,,"""2026-07-14T07:12:51.297Z""","""2026-07-14T07:12:51.297Z"""
0594c256-913a-4345-a55c-f9c12f7c81f0,b389876f-9a01-4dda-b3a5-6b673a789468,Marienplatz + Glockenspiel,לב מינכן | Glockenspiel ב-11:00,munich,,,,,"""2026-07-14T07:12:51.298Z""","""2026-07-14T07:12:51.298Z"""
c9dc13c4-6689-4a86-8add-4d1fb22b989b,b389876f-9a01-4dda-b3a5-6b673a789468,Deutsches Museum,"הגדול בעולם למדע וטכנולוגיה | מטוסים, רכבות, חלל",munich,,,,,"""2026-07-14T07:12:51.298Z""","""2026-07-14T07:12:51.298Z"""
040a920e-0d2b-4811-b23b-2dfecdcf3a81,b389876f-9a01-4dda-b3a5-6b673a789468,Paulaner Brewery Tour,סיור מבשלה + טעימות בירה | הזמינו מראש,munich,,,,,"""2026-07-14T07:12:51.300Z""","""2026-07-14T07:12:51.300Z"""
2707e93a-58ac-4655-9842-2039d02b2a4b,b389876f-9a01-4dda-b3a5-6b673a789468,Hofbräuhaus,האייקון של מינכן | חובה לפחות פעם אחת,food,,,,,"""2026-07-14T07:12:51.302Z""","""2026-07-14T07:12:51.302Z"""
1292068f-9a16-4c4e-b7ff-3afe54193b38,b389876f-9a01-4dda-b3a5-6b673a789468,Ravenna Gorge,"הגיא היפה ביותר ביער | הליכה ~8.8 ק""מ | גשרי עץ + מפלים",forest,,,,,"""2026-07-14T07:12:51.306Z""","""2026-07-14T07:12:51.306Z"""
63cc8c1d-3db0-4c33-bda8-b643f4c24b50,b389876f-9a01-4dda-b3a5-6b673a789468,Rhine Falls – Schaffhausen,"המפל הגדול ביותר באירופה — רוחב 150 מ' וגובה 23 מ'. אפשר לשכור סירה קטנה ולהגיע לגלעין הסלע שבמרכז המפל — חוויה מדהימה! מגיעים מ-Neuhausen am Rheinfall, יש חניה בתשלום. הכי יפה בשעות הבוקר המוקדמות לפני שיש המונים.",travel,,,,,"""2026-07-14T07:12:51.308Z""","""2026-07-14T07:12:51.308Z"""
3f73728e-fc16-474b-ad8a-20b501a0904f,b389876f-9a01-4dda-b3a5-6b673a789468,Allianz Arena Tour,"סיור מודרך במגרש הביתי של FC Bayern Munich — אחד האצטדיונים המרשימים בעולם. הסיור כולל גישה לטריבונה, חדרי ההלבשה, מנהרת השחקנים וה-VIP לאון. ניתן לשלב עם FC Bayern Museum הנמצא במקום. הזמינו כרטיסי סיור מראש באתר allianz-arena.com.",munich,,,,,"""2026-07-14T07:12:51.308Z""","""2026-07-14T07:12:51.308Z"""
96dfc78b-200a-4acb-8cf4-d5ee506d7512,b389876f-9a01-4dda-b3a5-6b673a789468,Treetop Walk – Baumwipfelpfad Schwarzwald,"מסלול מרהיב בצמרות העצים של יער שחור — 1,250 מ' בגובה עד 20 מ' מעל הקרקע, עם גשרים מתנדנדים ופלטפורמות תצפית לאורך הדרך. השיא הוא מגדל תצפית ייחודי בגובה 40 מ' עם נוף פנורמי לכל הסביבה. מסלול קל ומתאים לכולם. מומלץ להגיע בוקר מוקדם לפני ההמונים.",forest,,,,,"""2026-07-14T07:12:51.311Z""","""2026-07-14T07:12:51.311Z"""
5b8c8822-a139-43d6-998b-022c6ba3b7ef,b389876f-9a01-4dda-b3a5-6b673a789468,Augustiner Keller – ביירגארטן מ-1812,"הביירגארטן הגדול ביותר של מינכן – 5,000 מקומות בצל עצי ערמון ענקיים. בירת Augustiner Lagerbier ישירות מחבית עץ (Holzfass) – שונה לגמרי מהבקבוק. Brathendl (עוף צלוי) + ליטר בירה ~€25. אווירה מינכנאית אמיתית. פתוח גם בחורף במסעדה הפנימית הגדולה.",food,,,,,"""2026-07-14T07:12:51.319Z""","""2026-07-14T07:12:51.319Z"""
a6479e88-8718-41a0-b91b-dc943ac73432,b389876f-9a01-4dda-b3a5-6b673a789468,Wine tasting – יקבי אלזס,"כביש יין האלזסי – 170 ק""מ של יקבים, כפרים ציוריים וחורשות ענבים. אוקטובר = עונת הבציר הפעילה! מסלול מומלץ: Colmar → Riquewihr → Ribeauvillé → Kaysersberg. רוב היקבים נותנים טעימות חינם. Gewurztraminer, Riesling, Pinot Gris – יינות ייחודיים לאלזס.",special,,,,,"""2026-07-14T07:12:51.321Z""","""2026-07-14T07:12:51.321Z"""
a0bd1271-8125-40c0-a21c-4ea349340d0f,44d0159a-43b9-47b9-9f06-bd4ed816fbc4,Valerio Catullo Airport,,other,45.3971124,10.885772,ChIJS128ZD9ff0cRLHwiGO7DTDs,,"""2026-07-14T07:12:51.514Z""","""2026-07-14T08:55:06.815Z"""
5d21354b-c808-4b9e-9438-06543294acba,44d0159a-43b9-47b9-9f06-bd4ed816fbc4,גארדלנד,,activity,45.4562903,10.7133011,ChIJDxeqbWvpgUcR7RAuKLmnUb8,"{""periods"":[{""open"":{""day"":0,""date"":""2026-07-19"",""time"":""1000""},""close"":{""day"":0,""date"":""2026-07-19"",""time"":""2300""}},{""open"":{""day"":1,""date"":""2026-07-20"",""time"":""1000""},""close"":{""day"":1,""date"":""2026-07-20"",""time"":""2300""}},{""open"":{""day"":2,""date"":""2026-07-14"",""time"":""1000""},""close"":{""day"":2,""date"":""2026-07-14"",""time"":""2300""}},{""open"":{""day"":3,""date"":""2026-07-15"",""time"":""1000""},""close"":{""day"":3,""date"":""2026-07-15"",""time"":""2300""}},{""open"":{""day"":4,""date"":""2026-07-16"",""time"":""1000""},""close"":{""day"":4,""date"":""2026-07-16"",""time"":""2300""}},{""open"":{""day"":5,""date"":""2026-07-17"",""time"":""1000""},""close"":{""day"":5,""date"":""2026-07-17"",""time"":""2300""}},{""open"":{""day"":6,""date"":""2026-07-18"",""time"":""1000""},""close"":{""day"":6,""date"":""2026-07-18"",""time"":""2300""}}],""open_now"":false,""weekday_text"":[""יום ראשון: 10:00–23:00"",""יום שני: 10:00–23:00"",""יום שלישי: 10:00–23:00"",""יום רביעי: 10:00–23:00"",""יום חמישי: 10:00–23:00"",""יום שישי: 10:00–23:00"",""יום שבת: 10:00–23:00""]}","""2026-07-14T07:12:51.515Z""","""2026-07-14T07:12:51.515Z"""
aabfc5e7-6eea-4726-9aa9-db9a60449f2f,44d0159a-43b9-47b9-9f06-bd4ed816fbc4,Hotel Parchi del Garda,,hotel,45.4619654,10.7195691,ChIJJ8FFW0fpgUcR8PODIY4Cgv8,,"""2026-07-14T07:12:51.516Z""","""2026-07-14T08:55:06.815Z"""
